<?xml version="1.0" encoding="UTF-8"?>
<project-private xmlns="http://www.netbeans.org/ns/project-private/1">
    <editor-bookmarks xmlns="http://www.netbeans.org/ns/editor-bookmarks/2" lastBookmarkId="0"/>
    <open-files xmlns="http://www.netbeans.org/ns/projectui-open-files/2">
        <group>
            <file>file:/C:/Users/Meep3_000/Documents/NetBeansProjects/ICS3U/U2/A2/Birthday/src/birthday/GUI.java</file>
            <file>file:/C:/Users/Meep3_000/Documents/NetBeansProjects/ICS3U/U2/A2/Birthday/src/birthday/Main.java</file>
        </group>
    </open-files>
</project-private>
